name,n_samples,V_max,best_target,target,status,H,kappa,rel_resid_std,pearson_resid_v,monotonicity_drop,peak_position,y_range,reason
2000-01-06a__turn192,925,15000,L2_joint_drift,visit_entropy_reduction,clean,1.1237993288291166,14397.021714471959,0.06456214336214991,-0.06756474252806856,0.011228408351304231,0.9729437229437229,0.7082792548134216,
2000-01-06a__turn192,925,15000,L2_joint_drift,winrate_drift,clean,0.06202026548901432,176.71896452961587,0.07597314412512121,0.15212693634199465,0.0,0.9989177489177489,0.06390087306499481,
2000-01-06a__turn192,925,15000,L2_joint_drift,scoreLead_drift,clean,15.913411194296785,153239.30600124924,0.05943224622161793,0.16309223563082947,0.0,0.9989177489177489,14.10129165649414,
2000-01-06a__turn192,925,15000,L2_joint_drift,L2_joint_drift,clean,0.0989389586347623,4678.971410746715,0.05497445117015586,0.11265556123931379,0.0,0.9989177489177489,0.5292209833860397,
2000-01-10__turn37,931,15000,winrate_drift,visit_entropy_reduction,clean,0.3109707476679618,337.91883151114655,0.09793921672364735,0.30298960456230284,0.0026492568684753377,0.989247311827957,0.328277127329986,
2000-01-10__turn37,931,15000,winrate_drift,winrate_drift,clean,0.03197803415776826,298.9232466922937,0.06700115018018876,0.04718728503380368,0.0,0.9989247311827957,0.03327074646949768,
2000-01-10__turn37,931,15000,winrate_drift,scoreLead_drift,clean,0.782296107658978,460.4926474420298,0.07921521374504348,0.09683906781310973,0.0,0.9989247311827957,1.1486321687698364,
2000-01-10__turn37,931,15000,winrate_drift,L2_joint_drift,clean,0.04124761173231525,367.7628669429044,0.07262471702706984,0.08044330256651268,0.0,0.9989247311827957,0.05095251277089119,
2000-01-18a__turn89,943,15000,scoreLead_drift,visit_entropy_reduction,degenerate,1.3923884878168835e-12,30.000000000000092,0.09497134346577235,0.6132969769513162,inf,0.0,0.9049145403040233,
2000-01-18a__turn89,943,15000,scoreLead_drift,winrate_drift,clean,0.013524139702504422,104.21263115524842,0.055479537385636296,0.1483804487707366,0.0,0.9989384288747346,0.030201435089111328,
2000-01-18a__turn89,943,15000,scoreLead_drift,scoreLead_drift,clean,0.47524878788402847,193.0405944806797,0.042124527042901275,0.14298520713858606,0.0,0.9989384288747346,0.8712446689605713,
2000-01-18a__turn89,943,15000,scoreLead_drift,L2_joint_drift,clean,0.022242517752213285,158.05048291875903,0.04432994847007444,0.21931191605646808,0.0,0.9989384288747346,0.0445534884929657,
2000-01-22a__turn93,688,15000,winrate_drift,visit_entropy_reduction,degenerate,8.463520651136059e-13,32.00000000000006,0.12426030283625816,-0.49160302417825696,inf,0.0,1.299596059436836,
2000-01-22a__turn93,688,15000,winrate_drift,winrate_drift,clean,0.06760433303981309,667.8047232013462,0.05178610495306176,-0.20625297259358188,0.0,0.9985443959243085,0.07337969541549683,
2000-01-22a__turn93,688,15000,winrate_drift,scoreLead_drift,clean,1.8573304589579271,672.0262759515115,0.05867445980250363,-0.2278816012587972,0.0,0.9985443959243085,1.9088096618652344,
2000-01-22a__turn93,688,15000,winrate_drift,L2_joint_drift,clean,0.0988092898587462,670.1938768359408,0.05502641831837379,-0.21751460751968618,0.0,0.9985443959243085,0.10403067618608475,
2000-01-27c__turn77,504,15000,visit_entropy_reduction,visit_entropy_reduction,clean,1.2061443677615205,24563.98528195529,0.1259903837860371,0.17394581955927754,0.12549856317257024,0.8071570576540755,0.5718255706437119,
2000-01-27c__turn77,504,15000,visit_entropy_reduction,winrate_drift,clean,0.01901573515691517,728.4073028563408,0.1575785596188018,0.1344841383594863,0.0,0.9980119284294234,0.02126103639602661,
2000-01-27c__turn77,504,15000,visit_entropy_reduction,scoreLead_drift,clean,0.6502659858687191,1018.906669506706,0.22766329042099726,0.19220584849342567,0.0,0.9980119284294234,0.803194522857666,
2000-01-27c__turn77,504,15000,visit_entropy_reduction,L2_joint_drift,clean,0.028651314681115626,897.5275803970575,0.1998772902419796,0.19126192729776484,0.0,0.9980119284294234,0.03436144441366196,
2000-01-28a__turn252,165,15000,L2_joint_drift,visit_entropy_reduction,degenerate,1.7236109612682682e-12,108.00000000000003,0.2558222980640328,0.09837169493324147,inf,0.0,0.7729935178002286,
2000-01-28a__turn252,165,15000,L2_joint_drift,winrate_drift,degenerate,27.19750724194683,36907008.00644389,0.24694832447420492,0.7492030742779578,0.0,0.9939024390243902,0.031124353408813477,
2000-01-28a__turn252,165,15000,L2_joint_drift,scoreLead_drift,degenerate,304.869917764646,71129443.07049757,0.2398344064381532,0.5443426140996745,0.0,0.9939024390243902,0.12947094440460205,
2000-01-28a__turn252,165,15000,L2_joint_drift,L2_joint_drift,degenerate,60.56274218010096,47417699.01460176,0.23968876429724445,0.6803183809305932,0.0,0.9939024390243902,0.043521519750356674,
2000-02-07__turn88,678,15000,scoreLead_drift,visit_entropy_reduction,degenerate,3.5536262792976528e-12,26.000000000000274,0.1494351948126268,0.7140175872743593,inf,0.0,0.40787923726572595,
2000-02-07__turn88,678,15000,scoreLead_drift,winrate_drift,clean,0.054219051413982464,15.059412112146475,0.04420519304417131,0.46973558799816395,0.0,0.9985228951255539,0.059631168842315674,
2000-02-07__turn88,678,15000,scoreLead_drift,scoreLead_drift,clean,1.3403180719225847,13.385831510317356,0.036890828866029526,0.37120638711806603,0.0,0.9985228951255539,1.4484210014343262,
2000-02-07__turn88,678,15000,scoreLead_drift,L2_joint_drift,clean,0.0811739991112998,14.192298643529861,0.04022149039788541,0.4267444422316002,0.0,0.9985228951255539,0.08846098184585571,
2000-02-10h__turn87,842,15000,scoreLead_drift,visit_entropy_reduction,degenerate,0.21686613034952057,5.783541206581739,0.11603981392678933,0.10206859394754995,0.5745639227829197,0.0178359096313912,0.9343943070299356,
2000-02-10h__turn87,842,15000,scoreLead_drift,winrate_drift,clean,0.04210413648947765,72.11106437650587,0.06019915412406764,0.4006703766106733,0.0,0.9988109393579072,0.0692359209060669,
2000-02-10h__turn87,842,15000,scoreLead_drift,scoreLead_drift,clean,1.2328949800023188,83.48259560335482,0.049852156892272834,0.3052402903829226,0.0,0.9988109393579072,2.075232744216919,
2000-02-10h__turn87,842,15000,scoreLead_drift,L2_joint_drift,clean,0.061853123624035285,81.57552602064249,0.04990280599241139,0.3970059248090278,0.0,0.9988109393579072,0.10358286648988724,
2000-03-16d__turn109,710,15000,L2_joint_drift,visit_entropy_reduction,degenerate,9.190077603555186e-13,28.000000000000068,0.08952181433479227,0.8000276167603221,inf,0.0,1.4557742579921724,
2000-03-16d__turn109,710,15000,L2_joint_drift,winrate_drift,clean,0.050909207895810285,89.969351933082,0.022854685214201184,-0.2415101676110657,0.0,0.998589562764457,0.05064225196838379,
2000-03-16d__turn109,710,15000,L2_joint_drift,scoreLead_drift,clean,11.125398793710033,80.28834888352773,0.013452443950410436,-0.23441153982845594,0.0,0.998589562764457,11.029891967773438,
2000-03-16d__turn109,710,15000,L2_joint_drift,L2_joint_drift,clean,0.3782892580508159,80.49711583407624,0.012982979749758374,-0.23373717886365888,0.0,0.998589562764457,0.3752533197402954,
2000-03-16e__turn40,847,15000,winrate_drift,visit_entropy_reduction,degenerate,9.231473327650112e-13,20.000000000000092,0.07502078178797655,0.29380022612335405,inf,0.0,1.3669162203304979,
2000-03-16e__turn40,847,15000,winrate_drift,winrate_drift,clean,0.006169464226978066,69.21489015308687,0.0938869071403817,0.06682206424156294,0.0,0.9988179669030733,0.017422974109649658,
2000-03-16e__turn40,847,15000,winrate_drift,scoreLead_drift,clean,0.11877306834927784,39.934517244610724,0.1228464509332366,0.012555471524579104,0.0,0.9988179669030733,0.41976451873779297,
2000-03-16e__turn40,847,15000,winrate_drift,L2_joint_drift,clean,0.0074297143214667495,53.999060758763704,0.1075135358917875,0.04297059247123879,0.0,0.9988179669030733,0.02298254333436489,
2000-03-28__turn38,796,15000,visit_entropy_reduction,visit_entropy_reduction,clean,1.0207343898359986,17417.5013175913,0.11171898755206486,0.3017983943023253,0.0013060720900415124,0.979874213836478,0.583405624619854,
2000-03-28__turn38,796,15000,visit_entropy_reduction,winrate_drift,clean,0.02208263758329608,5739.920635718464,0.14938035013447132,0.046632710103548344,0.0,0.9987421383647799,0.02160578966140747,
2000-03-28__turn38,796,15000,visit_entropy_reduction,scoreLead_drift,clean,0.7973010694434888,6752.259736340836,0.1401083983532124,0.16200198390969311,0.0,0.9987421383647799,0.8259310722351074,
2000-03-28__turn38,796,15000,visit_entropy_reduction,L2_joint_drift,clean,0.03489328722705688,6349.227976273905,0.14141072733241758,0.11893200883733476,0.0,0.9987421383647799,0.035327889025211334,
2000-03-31__turn172,687,15000,winrate_drift,visit_entropy_reduction,degenerate,1770.1929514238554,258162688.2239609,0.1839255810713791,0.8546792340005003,0.0,0.9985422740524781,0.7385791488143456,
2000-03-31__turn172,687,15000,winrate_drift,winrate_drift,clean,0.021162913270035777,675.1780795593207,0.05643179259646842,-0.1253576010871466,0.0,0.9985422740524781,0.02217227593064308,
2000-03-31__turn172,687,15000,winrate_drift,scoreLead_drift,clean,0.49808971713472794,3734.982728573169,0.133589052481115,-0.044128183218628554,0.0,0.9985422740524781,0.5369582176208496,
2000-03-31__turn172,687,15000,winrate_drift,L2_joint_drift,clean,0.04355493561689142,2730.042786015526,0.1148287663393071,-0.06814349428527339,0.0,0.9985422740524781,0.04615582525730133,
2000-04-03d__turn102,955,15000,L2_joint_drift,visit_entropy_reduction,degenerate,1.595128549917741e-12,30.000000000000107,0.1614013833264079,-0.5979558210473396,inf,0.0,0.7313100043789877,
2000-04-03d__turn102,955,15000,L2_joint_drift,winrate_drift,clean,0.019415444353138373,3652.561845620215,0.08293723140973584,0.20757414764745355,0.0,0.9989517819706499,0.04980069398880005,
2000-04-03d__turn102,955,15000,L2_joint_drift,scoreLead_drift,clean,1.0184437901260424,345.8903137089032,0.05612101598908842,-0.08515039832819103,0.0,0.9989517819706499,1.2594265937805176,
2000-04-03d__turn102,955,15000,L2_joint_drift,L2_joint_drift,clean,0.04880939620483288,647.4879877732412,0.04886122885151026,-0.050471969561892926,0.0,0.9989517819706499,0.07480918616056442,
2000-04-08a__turn120,941,15000,L2_joint_drift,visit_entropy_reduction,degenerate,1.953258919116087e-12,30.000000000000128,0.054153143200546025,0.6198434694603371,inf,0.0,0.6085946219341694,
2000-04-08a__turn120,941,15000,L2_joint_drift,winrate_drift,degenerate,1.6808739134672132e-11,87498.00000002343,0.2711139419425246,0.906440862060998,0.0,0.9989361702127659,0.004609333351254463,
2000-04-08a__turn120,941,15000,L2_joint_drift,scoreLead_drift,clean,1.6519759507264875,1068.6756699409736,0.05859135011060761,0.010682962816260773,0.0,0.9989361702127659,1.5705223083496094,
2000-04-08a__turn120,941,15000,L2_joint_drift,L2_joint_drift,clean,0.07173059879855864,1089.1231247146889,0.05855340464235662,0.008160248442882776,0.0,0.9989361702127659,0.06812538206577301,
2000-04-08b__turn49,696,15000,visit_entropy_reduction,visit_entropy_reduction,clean,0.18984018262906271,395.8162339348945,0.034717504750710754,0.4151778153847512,0.0,0.9985611510791367,0.22316823450966014,
2000-04-08b__turn49,696,15000,visit_entropy_reduction,winrate_drift,clean,0.02643122529586923,74.84847073892558,0.08142469748541602,0.3849615810668648,0.0,0.9985611510791367,0.028517544269561768,
2000-04-08b__turn49,696,15000,visit_entropy_reduction,scoreLead_drift,clean,1.2087146856423983,262.7372899769652,0.07375589854174985,0.009766385014167918,0.0,0.9985611510791367,1.2248272895812988,
2000-04-08b__turn49,696,15000,visit_entropy_reduction,L2_joint_drift,clean,0.046219136351711966,217.08158204104407,0.07127495766022035,0.14140522533911362,0.0,0.9985611510791367,0.047860655933618546,
2000-04-08c__turn180,737,15000,L2_joint_drift,visit_entropy_reduction,degenerate,1.327262967780346e-12,36.00000000000007,0.06671847671417938,-0.5136913366291154,inf,0.0,0.7787736738969806,
2000-04-08c__turn180,737,15000,L2_joint_drift,winrate_drift,clean,0.028034429341347516,85.80613154358002,0.030397627734022305,0.26747267301177313,0.0,0.998641304347826,0.02831476926803589,
2000-04-08c__turn180,737,15000,L2_joint_drift,scoreLead_drift,clean,0.7079058856312352,115.38598602208329,0.025389987918284857,0.09624453738182197,0.0,0.998641304347826,0.7064189910888672,
2000-04-08c__turn180,737,15000,L2_joint_drift,L2_joint_drift,clean,0.09275993933010787,112.81826984565079,0.025197379025582656,0.12550117221836507,0.0,0.998641304347826,0.09271518886089325,
2000-04-13d__turn170,357,15000,scoreLead_drift,visit_entropy_reduction,degenerate,2.417698788873341e-13,17600.00294762195,0.11323297523566364,-0.29263051233560183,2.4207931749427267,0.0056179775280898875,0.28586609684910935,
2000-04-13d__turn170,357,15000,scoreLead_drift,winrate_drift,degenerate,13.165276786287798,29270139.326361936,0.23283560086070929,-0.10380826672529271,0.0,0.9971910112359551,0.010236650705337524,
2000-04-13d__turn170,357,15000,scoreLead_drift,scoreLead_drift,clean,0.07343438728205853,56.6441414445882,0.20536494677692985,0.4512862523679507,0.0,0.9971910112359551,0.10662388801574707,
2000-04-13d__turn170,357,15000,scoreLead_drift,L2_joint_drift,degenerate,16.868785886694468,19778164.18480634,0.23072028704824976,-0.4192285765828966,0.0,0.9971910112359551,0.014658172614872456,
2000-04-20d__turn159,851,15000,winrate_drift,visit_entropy_reduction,degenerate,1.7626326644055524e-12,32.000000000000114,0.13412551405471712,-0.45072880503632523,inf,0.0,0.6955312560879054,
2000-04-20d__turn159,851,15000,winrate_drift,winrate_drift,clean,0.1395907415697783,126.50906915917115,0.05133898893278357,0.5599144111798057,0.0,0.9988235294117647,0.1541426181793213,
2000-04-20d__turn159,851,15000,winrate_drift,scoreLead_drift,clean,0.6908265026344952,179.55370911447133,0.16790933324852328,0.5596153015231347,0.0,0.9988235294117647,1.0146342515945435,
2000-04-20d__turn159,851,15000,winrate_drift,L2_joint_drift,clean,0.15251657474030428,124.6075699614719,0.10663902809699233,0.5967507775956009,0.0,0.9988235294117647,0.1924133449792862,
2000-04-27e__turn148,942,15000,scoreLead_drift,visit_entropy_reduction,degenerate,8.662866035153766e-13,28.000000000000064,0.08015010638160357,-0.7401279448413177,inf,0.0,1.245381593245253,
2000-04-27e__turn148,942,15000,scoreLead_drift,winrate_drift,degenerate,4.051565953067125e-11,58424.000000002794,0.16193263655628948,0.5940839641615244,0.0,0.9989373007438895,0.011325955390930176,
2000-04-27e__turn148,942,15000,scoreLead_drift,scoreLead_drift,clean,0.2457388284947415,2735.976150976497,0.0836477538076137,-0.02355930259530375,0.0,0.9989373007438895,0.4492502212524414,
2000-04-27e__turn148,942,15000,scoreLead_drift,L2_joint_drift,clean,0.013145800492970008,6341.442293077021,0.09245293419709967,-0.022544654185230655,0.0,0.9989373007438895,0.022413326427340508,
2000-04-30c__turn189,713,15000,winrate_drift,visit_entropy_reduction,degenerate,9.869023619632207e-13,32.000000000000064,0.07613591391546336,-0.5713467352222164,inf,0.0,1.0506607440747402,
2000-04-30c__turn189,713,15000,winrate_drift,winrate_drift,clean,0.027930239453885165,327.09704377597603,0.06614419691411537,0.060848349664423804,0.0,0.9985955056179775,0.028040651232004166,
2000-04-30c__turn189,713,15000,winrate_drift,scoreLead_drift,clean,0.9860553812592432,1257.9913012853278,0.0827642573630648,-0.13221520166556064,0.0,0.9985955056179775,0.9144868850708008,
2000-04-30c__turn189,713,15000,winrate_drift,L2_joint_drift,clean,0.10050248559851965,1171.5236900174937,0.08125694950993124,-0.1290212884813763,0.0,0.9985955056179775,0.09388283640146255,
2000-05-14__turn209,275,15000,L2_joint_drift,visit_entropy_reduction,degenerate,1.1446684585299715e-10,6624.001876299429,0.14864595580714446,-0.7862647845017515,4.009965191471959,0.0036496350364963502,0.48658011149789315,
2000-05-14__turn209,275,15000,L2_joint_drift,winrate_drift,clean,0.008460253035949878,982.4791936951476,0.12318010752749471,0.10024067478961479,0.0,0.9963503649635036,0.008796298876404762,
2000-05-14__turn209,275,15000,L2_joint_drift,scoreLead_drift,clean,1.8253163516104711,1391.9118746076933,0.09130696019063517,0.24931739676063647,0.0,0.9963503649635036,1.908273696899414,
2000-05-14__turn209,275,15000,L2_joint_drift,L2_joint_drift,clean,0.1744349148615884,1390.97690106544,0.0910021527488369,0.24988838765091692,0.0,0.9963503649635036,0.18239721655845642,
2000-05-17c__turn135,785,15000,winrate_drift,visit_entropy_reduction,degenerate,8.038499173603392e-13,24.000000000000064,0.05924316787314196,-0.407838323200973,inf,0.0,1.2815212989086402,
2000-05-17c__turn135,785,15000,winrate_drift,winrate_drift,clean,0.010864151251662723,51.55499596270933,0.061679826888970384,0.17797345678109366,0.0,0.9987244897959183,0.011737443506717682,
2000-05-17c__turn135,785,15000,winrate_drift,scoreLead_drift,degenerate,1743.8036960158513,450716001.4351971,0.21994461191962725,0.5509909151848783,0.0,0.9987244897959183,0.8999099731445312,
2000-05-17c__turn135,785,15000,winrate_drift,L2_joint_drift,degenerate,51.60454192876001,94294792.00708453,0.19744852917475225,0.4133291890529786,0.0,0.9987244897959183,0.039571236819028854,
2000-05-18a__turn165,372,15000,winrate_drift,visit_entropy_reduction,degenerate,1203.9418306558375,96519404.80642729,0.06933202603369,0.7558002794649614,0.0035174408558724174,0.9622641509433962,0.25046954800084675,
2000-05-18a__turn165,372,15000,winrate_drift,winrate_drift,clean,0.03623890364010599,1002.6959820574936,0.02252661671571319,0.15704497008237334,0.0,0.9973045822102425,0.03441131114959717,
2000-05-18a__turn165,372,15000,winrate_drift,scoreLead_drift,clean,1.1061504703473015,1622.6030079087805,0.044544087319473104,0.20655780224792436,0.0,0.9973045822102425,1.0842859745025635,
2000-05-18a__turn165,372,15000,winrate_drift,L2_joint_drift,clean,0.11382791529771596,1544.5235930104598,0.04266689426122717,0.21702406019670112,0.0,0.9973045822102425,0.11169642210006714,
2000-05-22c__turn178,370,15000,winrate_drift,visit_entropy_reduction,clean,0.8555804250810977,108.90984182936397,0.08979258682968902,-0.4284945093744276,0.20052993631421193,0.22764227642276422,1.061880980409028,
2000-05-22c__turn178,370,15000,winrate_drift,winrate_drift,clean,0.23633401101853937,728.1260437057942,0.04146032543593905,0.2688836389416239,0.0,0.997289972899729,0.2337515652179718,
2000-05-22c__turn178,370,15000,winrate_drift,scoreLead_drift,clean,1.8659554486173209,633.3030340669515,0.04634777217426053,0.25781610123267995,0.0,0.997289972899729,1.8660240173339844,
2000-05-22c__turn178,370,15000,winrate_drift,L2_joint_drift,clean,0.30453706272219583,689.4854970409559,0.043055251313156115,0.2672076888861441,0.0,0.997289972899729,0.30262473225593567,
2000-05-25b__turn130,851,15000,visit_entropy_reduction,visit_entropy_reduction,clean,0.26464280397382084,637.9868460614109,0.030931766561223723,-0.13405488085785106,5.084991776965319e-05,0.9835294117647059,0.27841072721359167,
2000-05-25b__turn130,851,15000,visit_entropy_reduction,winrate_drift,clean,0.05164382343470604,6679.4254917455055,0.0822094171615646,-0.11166502198565732,0.0,0.9988235294117647,0.03401246666908264,
2000-05-25b__turn130,851,15000,visit_entropy_reduction,scoreLead_drift,clean,0.7428289220635487,2419.3048235727038,0.09319327098938147,-0.10811547800574162,0.0,0.9988235294117647,0.6635358333587646,
2000-05-25b__turn130,851,15000,visit_entropy_reduction,L2_joint_drift,clean,0.062338628222275275,4459.39704079244,0.08074440774323666,-0.17755215819015244,0.0,0.9988235294117647,0.04756952077150345,
2000-05-25d__turn123,866,15000,L2_joint_drift,visit_entropy_reduction,degenerate,1.2373373748248951e-17,1104.0068305391858,0.11622535557988468,0.10972169995536214,9.395460708918653,0.0011560693641618498,0.8335857787731744,
2000-05-25d__turn123,866,15000,L2_joint_drift,winrate_drift,clean,0.024730327191591895,964.2596244776441,0.08321654799967852,0.15766474325410507,0.0,0.9988439306358381,0.04612693190574646,
2000-05-25d__turn123,866,15000,L2_joint_drift,scoreLead_drift,clean,0.5248950683582027,1105.2558727496166,0.07335373674143862,-0.10113385066498462,0.0,0.9988439306358381,0.7981101274490356,
2000-05-25d__turn123,866,15000,L2_joint_drift,L2_joint_drift,clean,0.03789609838626167,1071.5758430568374,0.06672473272171821,0.06806133120860332,0.0,0.9988439306358381,0.06432218104600906,
2000-05-26__turn146,928,15000,L2_joint_drift,visit_entropy_reduction,degenerate,3.843770222164067e-12,28.000000000000274,0.0935734795846893,0.880076729088667,inf,0.0,0.42777453905681184,
2000-05-26__turn146,928,15000,L2_joint_drift,winrate_drift,clean,0.024201166682509687,141.31476864146393,0.08079680843116237,0.2926153256127161,0.0,0.9989212513484358,0.028717458248138428,
2000-05-26__turn146,928,15000,L2_joint_drift,scoreLead_drift,clean,0.6169738079797994,795.6373999125074,0.06676549604810654,0.14843202004368092,0.0,0.9989212513484358,0.9868311882019043,
2000-05-26__turn146,928,15000,L2_joint_drift,L2_joint_drift,clean,0.04309244891482038,566.5734129321334,0.0649978932533481,0.2265174898860976,0.0,0.9989212513484358,0.06327928602695465,
2000-06-13f__turn102,976,15000,visit_entropy_reduction,visit_entropy_reduction,degenerate,2726814.9290861906,72885406462.12123,0.14279791232134087,0.3854309401007194,0.0027119486403553057,0.9815384615384616,0.7349932020845206,
2000-06-13f__turn102,976,15000,visit_entropy_reduction,winrate_drift,degenerate,16.40892718462831,33366016.002242886,0.22356129894840118,0.40094717896913057,0.0,0.9989743589743589,0.033083245158195496,
2000-06-13f__turn102,976,15000,visit_entropy_reduction,scoreLead_drift,degenerate,299.9281119946029,179306496.06100348,0.1738404873657501,0.577904982476967,0.0,0.9989743589743589,1.122756004333496,
2000-06-13f__turn102,976,15000,visit_entropy_reduction,L2_joint_drift,degenerate,30.44104838006039,67239936.00470798,0.19993328886271053,0.5456681049910254,0.0,0.9989743589743589,0.05515932757407427,
2000-06-13h__turn74,907,15000,winrate_drift,visit_entropy_reduction,degenerate,2.9378260383487818e-12,32.000000000000185,0.12158853273904595,0.32761882449309765,inf,0.0,0.6212509577321617,
2000-06-13h__turn74,907,15000,winrate_drift,winrate_drift,clean,0.03927158982184143,52556.116450485126,0.1276506916586324,0.13519033653278456,0.0,0.9988962472406181,0.020364612340927124,
2000-06-13h__turn74,907,15000,winrate_drift,scoreLead_drift,degenerate,2257.4093590746525,352780288.2672965,0.21251533586982965,0.45993019253980316,0.0,0.9988962472406181,0.48108458518981934,
2000-06-13h__turn74,907,15000,winrate_drift,L2_joint_drift,degenerate,42.838485583985054,72121755.00517859,0.15524229804153333,0.4067530392046815,0.0,0.9988962472406181,0.025421524420380592,
2000-06-15i__turn41,199,15000,L2_joint_drift,visit_entropy_reduction,degenerate,5.444572865377447e-12,276.00000000000006,0.10392161040795035,0.25301760958447944,inf,0.0,0.2579638830812483,
2000-06-15i__turn41,199,15000,L2_joint_drift,winrate_drift,clean,0.035407215013523875,13928.328514568586,0.08324893494716452,0.012731867274460478,0.0,0.9949494949494949,0.0174616277217865,
2000-06-15i__turn41,199,15000,L2_joint_drift,scoreLead_drift,clean,0.9086429498028888,10017.39474935248,0.08427346745616801,-0.0661342019864402,0.0,0.9949494949494949,0.5235571265220642,
2000-06-15i__turn41,199,15000,L2_joint_drift,L2_joint_drift,clean,0.04666684633488078,11792.316205725097,0.08312690053463613,-0.030371195657129146,0.0,0.9949494949494949,0.02498341165482998,
2000-06-16__turn57,773,15000,scoreLead_drift,visit_entropy_reduction,degenerate,9.204298251241807e-13,34.00000000000006,0.1013040798999399,-0.3229878964462988,inf,0.0,1.1804399915051333,
2000-06-16__turn57,773,15000,scoreLead_drift,winrate_drift,clean,0.0019503540906922153,9243.27389572074,0.17947389510375628,0.21086340017016747,0.0,0.9987046632124352,0.0044620707631111145,
2000-06-16__turn57,773,15000,scoreLead_drift,scoreLead_drift,clean,0.5625747620799666,220.13613819833176,0.15411615504271262,0.057271132520157045,0.0,0.9987046632124352,0.6727924346923828,
2000-06-16__turn57,773,15000,scoreLead_drift,L2_joint_drift,clean,0.0189535006154313,288.206944612407,0.15500341963749928,0.017577160139524043,0.0,0.9987046632124352,0.022473065182566643,
2000-06-21b__turn195,798,15000,winrate_drift,visit_entropy_reduction,degenerate,1.2266551662208001e-12,32.00000000000008,0.04957121977049529,-0.40784153435124376,inf,0.0,0.8337284423238951,
2000-06-21b__turn195,798,15000,winrate_drift,winrate_drift,clean,0.0011458215622984953,184.74159916783137,0.05336923879383058,0.2033183383706083,0.0,0.998745294855709,0.0014861170202493668,
2000-06-21b__turn195,798,15000,winrate_drift,scoreLead_drift,clean,0.15551723710685048,565.8717601044759,0.11794425390481243,0.16225086648329612,0.0,0.998745294855709,0.18201732635498047,
2000-06-21b__turn195,798,15000,winrate_drift,L2_joint_drift,clean,0.017205812972299967,565.3929012090898,0.11708262617558904,0.1637837398044014,0.0,0.998745294855709,0.02013099566102028,
2000-06-22c__turn40,788,15000,scoreLead_drift,visit_entropy_reduction,degenerate,186.0919292867402,1841796734.6110585,0.20815132712160264,0.8486055889075833,0.38003135967826773,0.8246505717916137,0.37131085676984815,
2000-06-22c__turn40,788,15000,scoreLead_drift,winrate_drift,degenerate,1.8176768847608837,13688832.000357416,0.10981548388460773,0.326491924301323,0.0,0.9987293519695044,0.018648922443389893,
2000-06-22c__turn40,788,15000,scoreLead_drift,scoreLead_drift,clean,0.5186374154881636,2808.508751673622,0.08284728848004005,0.12719642831609745,0.0,0.9987293519695044,1.0454177856445312,
2000-06-22c__turn40,788,15000,scoreLead_drift,L2_joint_drift,clean,0.01673718681887792,3170.2481771356543,0.08452132955336994,0.15076738419491104,0.0,0.9987293519695044,0.03830901999026537,
2000-06-28d__turn59,442,15000,L2_joint_drift,visit_entropy_reduction,degenerate,0.11712664612490455,7086.632796515769,0.12320288910180366,0.22019832837474454,0.3089460770926783,0.3469387755102041,0.2703537282237827,
2000-06-28d__turn59,442,15000,L2_joint_drift,winrate_drift,clean,0.008205130288246392,3650.6644822809476,0.09082075453120285,0.12470875562456508,0.0,0.9977324263038548,0.01200452446937561,
2000-06-28d__turn59,442,15000,L2_joint_drift,scoreLead_drift,clean,0.39921965401644344,2257.360828510077,0.0907321894017143,0.13707708432526428,0.0,0.9977324263038548,0.5075520277023315,
2000-06-28d__turn59,442,15000,L2_joint_drift,L2_joint_drift,clean,0.015478076342807632,2627.9207416558993,0.08905277089046368,0.12996449591312628,0.0,0.9977324263038548,0.020527401939034462,
2000-07-10b__turn96,518,15000,visit_entropy_reduction,visit_entropy_reduction,clean,0.4321628201665767,154.59239015358654,0.04929799144241015,0.20338814342722375,0.01535165278578506,0.019342359767891684,0.4553386186162278,
2000-07-10b__turn96,518,15000,visit_entropy_reduction,winrate_drift,degenerate,9.051146085535422,47202304.00098941,0.11027737240877124,0.4955038826541937,0.0,0.9980657640232108,0.049297913908958435,
2000-07-10b__turn96,518,15000,visit_entropy_reduction,scoreLead_drift,degenerate,4413.288141322827,176703531.37036246,0.11958982298021233,0.5227998533590008,0.0,0.9980657640232108,3.4985809326171875,
2000-07-10b__turn96,518,15000,visit_entropy_reduction,L2_joint_drift,degenerate,50.49783437667976,60383232.017460935,0.11583771754215363,0.5548458811805623,0.0,0.9980657640232108,0.14362002816051245,
2000-07-12c__turn215,1025,15000,winrate_drift,visit_entropy_reduction,degenerate,3.1308226031656166e-12,104.00322764983082,0.11891685941652454,-0.485780500095509,31.203924282250178,0.0009765625,0.6272923784906004,
2000-07-12c__turn215,1025,15000,winrate_drift,winrate_drift,clean,0.024617831689136137,119.50375219849332,0.07473262077357838,0.34960922839729774,0.0,0.9990234375,0.02637137845158577,
2000-07-12c__turn215,1025,15000,winrate_drift,scoreLead_drift,clean,11.515577013648317,41.51633174574494,0.07552001633091183,0.7726154795058133,0.0,0.9990234375,12.634350776672363,
2000-07-12c__turn215,1025,15000,winrate_drift,L2_joint_drift,clean,0.42507206382544993,41.81776297600223,0.07539176264587394,0.7722224018148466,0.0,0.9990234375,0.46636271476745605,
2000-07-14a__turn47,865,15000,winrate_drift,visit_entropy_reduction,degenerate,2.3111530849185196e-11,34.000000000001364,0.2305876758595125,-0.3835107117896605,inf,0.0,0.09211512008376935,
2000-07-14a__turn47,865,15000,winrate_drift,winrate_drift,clean,0.020142516640084988,2645.653842671667,0.05601728913704523,-0.039643804758533165,0.0,0.9988425925925926,0.02721351385116577,
2000-07-14a__turn47,865,15000,winrate_drift,scoreLead_drift,clean,0.6631600395389986,1773.9927466052943,0.06250501489813595,0.0008493267769443797,0.0,0.9988425925925926,0.7838608026504517,
2000-07-14a__turn47,865,15000,winrate_drift,L2_joint_drift,clean,0.03214497942545407,2084.221090496438,0.05869897607591214,-0.02677728987389568,0.0,0.9988425925925926,0.04024085775017738,
2000-07-14b__turn23,922,15000,winrate_drift,visit_entropy_reduction,degenerate,1.4873129547395778e-12,28.000000000000107,0.06105197462900547,-0.038241575259202576,inf,0.0,0.7334731443410887,
2000-07-14b__turn23,922,15000,winrate_drift,winrate_drift,clean,0.0034237584672019974,13.68913021869451,0.1691617413821174,0.37031989227542744,0.0,0.998914223669924,0.005759298801422119,
2000-07-14b__turn23,922,15000,winrate_drift,scoreLead_drift,degenerate,1.6942464062293856e-13,175548.0000103567,0.16512515863832217,0.4259844051656427,0.0,0.998914223669924,0.2894349694252014,
2000-07-14b__turn23,922,15000,winrate_drift,L2_joint_drift,degenerate,5.856247013848572,25042620.22531634,0.14072131538980578,-0.11703921872888007,0.0,0.998914223669924,0.009834826923906803,
2000-07-14d__turn79,934,15000,winrate_drift,visit_entropy_reduction,clean,0.25645270231487177,43.56664459048515,0.08572275386195369,0.3972384096172928,0.19466935218197387,0.030010718113612004,0.6683738259237253,
2000-07-14d__turn79,934,15000,winrate_drift,winrate_drift,clean,0.01316267572087031,341.0364296914788,0.07523134777905577,-0.09855397024578043,0.0,0.9989281886387996,0.027628064155578613,
2000-07-14d__turn79,934,15000,winrate_drift,scoreLead_drift,clean,0.3786072424454892,583.7015055537622,0.0826908491066505,-0.12411728177670148,0.0,0.9989281886387996,0.8806352019309998,
2000-07-14d__turn79,934,15000,winrate_drift,L2_joint_drift,clean,0.018741501286664113,475.6373666496618,0.077617212735974,-0.11821007702587571,0.0,0.9989281886387996,0.0417097806930542,
2000-07-20a__turn77,388,15000,visit_entropy_reduction,visit_entropy_reduction,degenerate,1.929110609734039e-17,6848.039525585173,0.12353972803565792,0.7679117270662377,1.6040211191853202,0.002583979328165375,0.4009209165941312,
2000-07-20a__turn77,388,15000,visit_entropy_reduction,winrate_drift,degenerate,3.800084029688248e-09,113664.00000021586,0.2968248905027279,0.3988676687044323,0.0,0.9974160206718347,0.008079886436462402,
2000-07-20a__turn77,388,15000,visit_entropy_reduction,scoreLead_drift,degenerate,2.5287476635789163e-10,101216.00041582537,0.228666550101293,0.3724243080611672,0.0,0.9974160206718347,0.4177718162536621,
2000-07-20a__turn77,388,15000,visit_entropy_reduction,L2_joint_drift,degenerate,2.832213871849385e-10,160380.00000120912,0.24251074905777853,0.4029667820419019,0.0,0.9974160206718347,0.016201596474274993,
2000-07-21b__turn98,654,15000,L2_joint_drift,visit_entropy_reduction,degenerate,1.571775680884801e-12,30.000000000000107,0.12761336874077858,-0.044600421168369105,inf,0.0,0.8384440783134002,
2000-07-21b__turn98,654,15000,L2_joint_drift,winrate_drift,clean,0.01019846747241354,216.0097971248475,0.09336333558958833,-0.09778560086849342,0.0,0.998468606431853,0.05846571922302246,
2000-07-21b__turn98,654,15000,L2_joint_drift,scoreLead_drift,clean,0.5096183010905935,341.86591163966483,0.08321813154081067,-0.12480023174458911,0.0,0.998468606431853,1.7642213702201843,
2000-07-21b__turn98,654,15000,L2_joint_drift,L2_joint_drift,clean,0.020768725523678058,300.30472694034336,0.08286098837722525,-0.08680570195170689,0.0,0.998468606431853,0.08861019648611546,
2000-07-28a__turn98,423,15000,visit_entropy_reduction,visit_entropy_reduction,clean,1.177979265130072,3864.2940525003974,0.06487804598885581,0.013803267167065895,0.0,0.9976303317535545,0.9948294151383484,
2000-07-28a__turn98,423,15000,visit_entropy_reduction,winrate_drift,clean,0.05775828279953641,827.8710609876309,0.0689728933978701,0.2472406696415339,0.0,0.9976303317535545,0.056292712688446045,
2000-07-28a__turn98,423,15000,visit_entropy_reduction,scoreLead_drift,clean,2.32894909791306,1437.9752172838923,0.07355729946189568,0.12055097691170368,0.0,0.9976303317535545,2.154829978942871,
2000-07-28a__turn98,423,15000,visit_entropy_reduction,L2_joint_drift,clean,0.09730158741835851,1193.3111115778113,0.07203588445643923,0.16579987777941207,0.0,0.9976303317535545,0.09192024916410446,
2000-07-31a__turn167,930,15000,L2_joint_drift,visit_entropy_reduction,degenerate,7.132107371772824e-19,480.18224575711815,0.06823552029247759,-0.40380519115912394,3.8626822564119534,0.001076426264800861,0.8126667767178217,
2000-07-31a__turn167,930,15000,L2_joint_drift,winrate_drift,clean,0.00579104726993913,5887.035597984334,0.11779291125934273,0.045077720730134045,0.0,0.9989235737351991,0.010542690753936768,
2000-07-31a__turn167,930,15000,L2_joint_drift,scoreLead_drift,clean,0.5952062597002881,3490.704705050967,0.1098374979008195,-0.002978936666901372,0.0,0.9989235737351991,1.2426300048828125,
2000-07-31a__turn167,930,15000,L2_joint_drift,L2_joint_drift,clean,0.024990488101829758,3616.1576598260062,0.10871884512036042,0.0014809718517100497,0.0,0.9989235737351991,0.05186365731060505,
2000-07-31b__turn174,1006,15000,scoreLead_drift,visit_entropy_reduction,degenerate,7.158704707191014e-13,12.000000000000117,0.23684106173054645,-0.8372707108343906,inf,0.0,1.785549203704079,
2000-07-31b__turn174,1006,15000,scoreLead_drift,winrate_drift,degenerate,224.123646867547,96977920.00087354,0.15690794346151696,0.5629025415718447,0.0,0.9980099502487563,0.2747180461883545,
2000-07-31b__turn174,1006,15000,scoreLead_drift,scoreLead_drift,degenerate,1.9208769722035136e-15,56560.000003863606,0.14152358411470406,0.5615005437453864,0.0,0.9980099502487563,12.679036855697632,
2000-07-31b__turn174,1006,15000,scoreLead_drift,L2_joint_drift,degenerate,258.06752361047586,146437632.03409004,0.1426664414828236,0.5648935470474995,0.0,0.9980099502487563,0.5300455130636692,
2000-08-02__turn175,426,15000,visit_entropy_reduction,visit_entropy_reduction,clean,0.9880239008923691,4303.70731135142,0.03186156251446641,0.09214897996440811,0.0,0.9976470588235294,0.8073231231918534,
2000-08-02__turn175,426,15000,visit_entropy_reduction,winrate_drift,clean,0.04309414116915463,1484.551500001629,0.047378436877303906,0.14972403080122376,0.0,0.9976470588235294,0.04327183961868286,
2000-08-02__turn175,426,15000,visit_entropy_reduction,scoreLead_drift,clean,0.5260759970680837,933.964181759811,0.11407250624742969,0.06570069264291445,0.0,0.9976470588235294,0.5537109375,
2000-08-02__turn175,426,15000,visit_entropy_reduction,L2_joint_drift,clean,0.05543866904065208,1458.3186327886956,0.040152403254270906,0.10797567685143232,0.0,0.9976470588235294,0.05641886964440346,
2000-08-14b__turn140,703,15000,L2_joint_drift,visit_entropy_reduction,degenerate,0.1702054719456997,107.71429404271481,0.11774473621057414,-0.6970279505782033,0.6156265075940538,0.28917378917378916,0.41506997389019357,
2000-08-14b__turn140,703,15000,L2_joint_drift,winrate_drift,clean,0.06489044426840314,42.69769354695314,0.034360484314833156,0.3799008219733518,0.0,0.9985754985754985,0.06558984518051147,
2000-08-14b__turn140,703,15000,L2_joint_drift,scoreLead_drift,clean,1.1538229914297453,16.205718309803245,0.039738863733586795,0.14101309014913155,0.0,0.9985754985754985,1.2294540405273438,
2000-08-14b__turn140,703,15000,L2_joint_drift,L2_joint_drift,clean,0.09309059560553773,25.70088760805044,0.029604591294629515,0.34782849375935765,0.0,0.9985754985754985,0.09791862219572067,
2000-08-14c__turn126,285,15000,winrate_drift,visit_entropy_reduction,degenerate,4.826444563703645e-17,7520.004684069764,0.141795988188105,-0.8468299823119028,3.6159711826186354,0.0035211267605633804,0.26245299533569644,
2000-08-14c__turn126,285,15000,winrate_drift,winrate_drift,clean,0.13227499294338385,53163.570869985844,0.0979180978168502,-0.21761120645003995,0.0,0.9964788732394366,0.03265911340713501,
2000-08-14c__turn126,285,15000,winrate_drift,scoreLead_drift,clean,1.283892051507509,14571.111765929816,0.11433035728503431,-0.04713483167907124,0.0,0.9964788732394366,0.9349379539489746,
2000-08-14c__turn126,285,15000,winrate_drift,L2_joint_drift,clean,0.10724189792557377,25934.18741714305,0.10608880883030072,-0.13309140170238704,0.0,0.9964788732394366,0.05025186762213707,
2000-08-18d__turn60,870,15000,visit_entropy_reduction,visit_entropy_reduction,clean,0.16866333114706938,557.056174401255,0.05731456146786175,-0.28537692641036927,0.03378509676880727,0.28768699654775604,0.17398360456871936,
2000-08-18d__turn60,870,15000,visit_entropy_reduction,winrate_drift,degenerate,4.62108531707494,54995850.000601426,0.0898280968015179,0.4747370161792075,0.0,0.998849252013809,0.030385851860046387,
2000-08-18d__turn60,870,15000,visit_entropy_reduction,scoreLead_drift,degenerate,978.7043873480434,141578506.5179841,0.07912840585450091,0.15921672457320896,0.0,0.998849252013809,0.8051483035087585,
2000-08-18d__turn60,870,15000,visit_entropy_reduction,L2_joint_drift,degenerate,123.24256160412196,492420482.1073754,0.08343752510086412,0.3185245704551348,0.0,0.998849252013809,0.041712327394634485,
2000-08-22c__turn222,812,15000,L2_joint_drift,visit_entropy_reduction,clean,5.861150856285369,202830.10632402758,0.14968240449199033,0.5652583549930815,0.14417708056608589,0.6843403205918619,0.7977730815182964,
2000-08-22c__turn222,812,15000,L2_joint_drift,winrate_drift,degenerate,51.397755829449245,568942510.4533511,0.29875138440022125,0.902850202123522,0.0,0.998766954377312,0.0364188626408577,
2000-08-22c__turn222,812,15000,L2_joint_drift,scoreLead_drift,clean,3.574346562808553,736.6389704550758,0.09176174829851072,0.18401268946457583,0.0,0.998766954377312,4.141578197479248,
2000-08-22c__turn222,812,15000,L2_joint_drift,L2_joint_drift,clean,0.2198414049202341,909.7323063046371,0.08842667765034387,0.14136258712926472,0.0,0.998766954377312,0.2523728013038635,
2000-08-24d__turn56,892,15000,L2_joint_drift,visit_entropy_reduction,degenerate,1.071590565526146e-13,128.00293703010362,0.18316731159061098,-0.6930858140044832,45.43535950314303,0.001122334455667789,0.7220822124651612,
2000-08-24d__turn56,892,15000,L2_joint_drift,winrate_drift,degenerate,8.373747807090673,42668032.00081659,0.18886372250443326,0.48682856627514787,0.0,0.9977553310886644,0.014401137828826904,
2000-08-24d__turn56,892,15000,L2_joint_drift,scoreLead_drift,clean,0.38339103033061456,1297.0937947034251,0.14687160824457568,0.07934524783020898,0.0,0.9977553310886644,0.6582357883453369,
2000-08-24d__turn56,892,15000,L2_joint_drift,L2_joint_drift,clean,0.014756803269214929,3543.5541278661794,0.1441137108476866,0.10429183526178674,0.0,0.9977553310886644,0.024713505059480667,
2000-08-25a__turn58,509,15000,scoreLead_drift,visit_entropy_reduction,degenerate,2.013113320934609e-12,1228066.6824912047,0.23014518939855494,-0.8583933233788562,1.095427345205143,0.025590551181102362,0.4333545742156466,
2000-08-25a__turn58,509,15000,scoreLead_drift,winrate_drift,clean,0.05546608791232852,433.14465970376233,0.048320053907118105,0.19272961751068232,0.0,0.9980314960629921,0.07142132520675659,
2000-08-25a__turn58,509,15000,scoreLead_drift,scoreLead_drift,clean,2.7186578770783467,699.3302772012154,0.04436534016822969,0.21279976923106508,0.0,0.9980314960629921,4.000123023986816,
2000-08-25a__turn58,509,15000,scoreLead_drift,L2_joint_drift,clean,0.10394473622251552,616.6172535536746,0.04487053932211136,0.21235362786696615,0.0,0.9980314960629921,0.14763732254505157,
2000-08-26a__turn161,743,15000,winrate_drift,visit_entropy_reduction,degenerate,4.89549938910113e-12,32.000000000000306,0.1225810572755358,0.34428012915940975,inf,0.0,0.3809059988088226,
2000-08-26a__turn161,743,15000,winrate_drift,winrate_drift,clean,0.005784450019540978,364.11144983754724,0.0914226002529958,0.13313497167876648,0.0,0.9986522911051213,0.0059239864349365234,
2000-08-26a__turn161,743,15000,winrate_drift,scoreLead_drift,clean,0.3141660101149599,160.92978654075475,0.09716074564843578,0.5304804903857192,0.0,0.9986522911051213,0.36982202529907227,
2000-08-26a__turn161,743,15000,winrate_drift,L2_joint_drift,clean,0.03136932064600602,179.48305036278197,0.09426427486879314,0.5302413162733047,0.0,0.9986522911051213,0.03647870942950249,
2000-08-30j__turn129,496,15000,winrate_drift,visit_entropy_reduction,degenerate,1.158059061428833e-19,12224.00484618438,0.16528062295135013,-0.666341601127091,4.1236173113875845,0.010101010101010102,0.5413003878053915,
2000-08-30j__turn129,496,15000,winrate_drift,winrate_drift,clean,0.061979581398178656,61925.18510588758,0.1449949340934291,-0.2509171905461965,0.0,0.997979797979798,0.019027143716812134,
2000-08-30j__turn129,496,15000,winrate_drift,scoreLead_drift,degenerate,1681.39572204725,147841723.38612193,0.07547007761473153,0.4071073951405766,0.0,0.997979797979798,0.48397988080978394,
2000-08-30j__turn129,496,15000,winrate_drift,L2_joint_drift,degenerate,19.666104227252276,20211984.014123537,0.09571211520834447,-0.10400113548189444,0.0,0.997979797979798,0.0288094449788332,
2000-08-30k__turn35,1022,15000,scoreLead_drift,visit_entropy_reduction,degenerate,1.7411958309096302e-12,32.000000000000114,0.28259536049161704,-0.8824234308593436,inf,0.0,0.7925334453988075,
2000-08-30k__turn35,1022,15000,scoreLead_drift,winrate_drift,degenerate,6.91527075523983,55977467.09016682,0.1694569383033279,-0.17036018139213283,0.0,0.9990205680705191,0.038122355937957764,
2000-08-30k__turn35,1022,15000,scoreLead_drift,scoreLead_drift,clean,0.5466530142198792,484.1098129313084,0.12929520365055017,-0.11826099891940622,0.0,0.9990205680705191,2.0001440048217773,
2000-08-30k__turn35,1022,15000,scoreLead_drift,L2_joint_drift,clean,0.01439531413081829,358.56456062573017,0.1324873893944671,-0.0624821962907182,0.0,0.9990205680705191,0.07354126125574112,
2000-09-01d__turn78,801,15000,L2_joint_drift,visit_entropy_reduction,degenerate,9.812932299536474e-13,32.00000000000006,0.07363908628280161,0.13640180632524931,inf,0.0,1.2469604247416772,
2000-09-01d__turn78,801,15000,L2_joint_drift,winrate_drift,clean,0.041112273430934126,644.3793094791158,0.10154965634609917,-0.0499600876269886,0.0,0.99875,0.04022717475891113,
2000-09-01d__turn78,801,15000,L2_joint_drift,scoreLead_drift,clean,1.5398736572117417,523.291993689946,0.10550816552784645,-0.1758901097838965,0.0,0.99875,1.4780328273773193,
2000-09-01d__turn78,801,15000,L2_joint_drift,L2_joint_drift,clean,0.06265770328635242,582.5190813196028,0.1008933822388542,-0.10419563033614607,0.0,0.99875,0.06088250130414963,
2000-09-07d__turn40,839,15000,scoreLead_drift,visit_entropy_reduction,degenerate,8.767240171466136e-12,32.00000000000055,0.23394663626534867,-0.6166278292379126,inf,0.0,0.17251915532828332,
2000-09-07d__turn40,839,15000,scoreLead_drift,winrate_drift,clean,0.011883445439594539,54.26285199026856,0.16802672687572998,0.6661980617419663,0.0,0.9988066825775657,0.014361083507537842,
2000-09-07d__turn40,839,15000,scoreLead_drift,scoreLead_drift,clean,0.6102055788034285,31.348133651931764,0.13789537023130563,0.634186054196067,0.0,0.9988066825775657,0.7191208600997925,
2000-09-07d__turn40,839,15000,scoreLead_drift,L2_joint_drift,clean,0.022955710531689388,35.738726249923545,0.14617394868012418,0.6549771246159347,0.0,0.9988066825775657,0.027287092059850693,
2000-09-11a__turn208,742,15000,L2_joint_drift,visit_entropy_reduction,degenerate,5.183902517689402e-16,1760.0051044561653,0.15136162463344316,-0.741418489994544,9.855819812186061,0.001349527665317139,0.7830899523191481,
2000-09-11a__turn208,742,15000,L2_joint_drift,winrate_drift,clean,0.0703382752790998,88.67142617771894,0.04194874047927179,0.5166957332653097,0.0,0.9986504723346828,0.07357865571975708,
2000-09-11a__turn208,742,15000,L2_joint_drift,scoreLead_drift,clean,0.48977183240572475,21.90579580258316,0.04604465107647746,0.3882027109103265,0.0,0.9986504723346828,0.5018215179443359,
2000-09-11a__turn208,742,15000,L2_joint_drift,L2_joint_drift,clean,0.10177593647470842,57.92972294989311,0.03584036752942296,0.6349035459435426,0.0,0.9986504723346828,0.10599002987146378,
2000-09-14e__turn140,1038,15000,winrate_drift,visit_entropy_reduction,degenerate,8.992895249987795e-14,896.1299254309961,0.14154946874804125,-0.07438330249706389,3.281117590718854,0.0019286403085824494,1.0867566109064464,
2000-09-14e__turn140,1038,15000,winrate_drift,winrate_drift,clean,0.03119680687263565,446.9765839284844,0.10160294813291615,0.32812493734754206,0.0,0.9990356798457087,0.11732450127601624,
2000-09-14e__turn140,1038,15000,winrate_drift,scoreLead_drift,degenerate,56143.80595874501,805946789.8189626,0.12342706333265471,0.01402517422846221,0.0,0.9990356798457087,6.401930928230286,
2000-09-14e__turn140,1038,15000,winrate_drift,L2_joint_drift,degenerate,432131.96279197634,131109218999.18472,0.10551582328009126,-0.1258540652020562,0.0,0.9990356798457087,0.2051316276192665,
2000-09-28e__turn35,883,15000,scoreLead_drift,visit_entropy_reduction,degenerate,1.551559471629058e-12,28.000000000000114,0.11157016241662226,0.8511006241847487,inf,0.0,0.8131358569262217,
2000-09-28e__turn35,883,15000,scoreLead_drift,winrate_drift,clean,0.016507410213009416,807.0980524661999,0.11726775098768004,0.00784689959875749,0.0,0.9988662131519275,0.016241073608398438,
2000-09-28e__turn35,883,15000,scoreLead_drift,scoreLead_drift,clean,0.5512097336076557,32.93224369368132,0.08947886396077587,0.7244089940314513,0.0,0.9988662131519275,0.6168012022972107,
2000-09-28e__turn35,883,15000,scoreLead_drift,L2_joint_drift,clean,0.023925160464467687,173.01523117550244,0.10520260726812694,0.4972237448647333,0.0,0.9988662131519275,0.026146112009882927,
2000-10-02b__turn77,871,15000,winrate_drift,visit_entropy_reduction,clean,0.7312852455249266,1359.0440197914086,0.07486434254237714,0.15387236386758985,0.0005244404319619359,0.9620689655172414,0.7848106464630998,
2000-10-02b__turn77,871,15000,winrate_drift,winrate_drift,clean,0.05822267297718083,15.62170738688917,0.051313326868834525,0.49491015550433864,0.0,0.9988505747126437,0.06192755699157715,
2000-10-02b__turn77,871,15000,winrate_drift,scoreLead_drift,clean,1.5195514571596964,14.385196415667366,0.07322524593322415,0.5067371117746987,0.0,0.9988505747126437,1.6764373779296875,
2000-10-02b__turn77,871,15000,winrate_drift,L2_joint_drift,clean,0.08118563641210283,14.93851549988408,0.06288104043043362,0.5081686090378946,0.0,0.9988505747126437,0.08814674615859985,
2000-10-05e__turn76,540,9329,winrate_drift,visit_entropy_reduction,degenerate,1.0564156860965314e-12,26.000000000000078,0.09713874445134348,-0.5198638622244818,inf,0.0,1.0092818534144286,
2000-10-05e__turn76,540,9329,winrate_drift,winrate_drift,clean,0.026289558347416028,81.44528913980088,0.08566840933966272,-0.042685900657982924,0.0,1.0,0.02951914072036743,
2000-10-05e__turn76,540,9329,winrate_drift,scoreLead_drift,clean,0.9691863018837685,80.10739585154256,0.09308833976954986,-0.05233523364787075,0.0,1.0,1.0940546989440918,
2000-10-05e__turn76,540,9329,winrate_drift,L2_joint_drift,clean,0.041526698645523115,81.15897352701823,0.08768119476228463,-0.03799006504655206,0.0,1.0,0.04684992879629135,
2000-10-05f__turn26,387,15000,scoreLead_drift,visit_entropy_reduction,degenerate,0.21347966947625407,0.0010000000000463512,0.2726789654430354,-0.8107637642959796,0.9810108277019004,0.10103626943005181,0.7583401022644811,
2000-10-05f__turn26,387,15000,scoreLead_drift,winrate_drift,degenerate,21.846911663834987,24483327.00004584,0.15681387400343624,0.465433960415003,0.0,0.9974093264248705,0.029010742902755737,
2000-10-05f__turn26,387,15000,scoreLead_drift,scoreLead_drift,degenerate,2229216.7145830914,57762587578.2437,0.1533528004047831,0.39217097009319984,0.0,0.9974093264248705,1.1536504030227661,
2000-10-05f__turn26,387,15000,scoreLead_drift,L2_joint_drift,degenerate,5286.56696045555,3389990789.26329,0.15456173675557452,0.4199642197723666,0.0,0.9974093264248705,0.04796261712908745,
2000-10-08__turn138,944,15000,L2_joint_drift,visit_entropy_reduction,degenerate,1.0216940623947721e-12,32.000000000000064,0.15612154688899132,-0.4863739294251071,inf,0.0,1.1242761412253548,
2000-10-08__turn138,944,15000,L2_joint_drift,winrate_drift,clean,0.023702634715331322,2604.449780019946,0.13596371285042427,-0.19321140707971118,0.0,0.9989395546129375,0.02096278965473175,
2000-10-08__turn138,944,15000,L2_joint_drift,scoreLead_drift,clean,3.257466566322837,50.25373624738322,0.1348788375975666,0.4240890049614086,0.0,0.9989395546129375,4.086088180541992,
2000-10-08__turn138,944,15000,L2_joint_drift,L2_joint_drift,clean,0.1291168449679134,54.87519569223894,0.1310902153593913,0.4696001687151615,0.0,0.9989395546129375,0.16253897547721863,
2000-10-11b__turn133,504,15000,scoreLead_drift,visit_entropy_reduction,degenerate,7.934539807461255e-16,23376.000278603147,0.34119763356082683,-0.9199987172913363,9.154658411086215,0.1073558648111332,0.5452429545475772,
2000-10-11b__turn133,504,15000,scoreLead_drift,winrate_drift,clean,0.03987569382423826,9390.292823023188,0.15541336017089208,0.27889739138198055,0.0,0.9980119284294234,0.042786210775375366,
2000-10-11b__turn133,504,15000,scoreLead_drift,scoreLead_drift,clean,0.656887035535951,5523.33042670325,0.12507166725803673,0.19345580717858357,0.0,0.9980119284294234,1.0493495464324951,
2000-10-11b__turn133,504,15000,scoreLead_drift,L2_joint_drift,clean,0.05087399576868944,7554.966698281745,0.13465294640656697,0.25348941352300286,0.0,0.9980119284294234,0.06653546541929245,
2000-10-18a__turn162,181,15000,scoreLead_drift,visit_entropy_reduction,degenerate,3.1595574767702466e-12,92928.00006693901,0.2174563343519932,-0.3898684642725253,4.4243442967233735,0.3055555555555556,0.3565464962849445,
2000-10-18a__turn162,181,15000,scoreLead_drift,winrate_drift,degenerate,25.069474521356394,50522088.005865976,0.2954541133858384,0.5730076644080331,0.0,0.9944444444444445,0.027513742446899414,
2000-10-18a__turn162,181,15000,scoreLead_drift,scoreLead_drift,clean,1.5294768119224829,20289.964830765017,0.1856490278456862,-0.0035219987152838366,0.0,0.9944444444444445,0.6441012620925903,
2000-10-18a__turn162,181,15000,scoreLead_drift,L2_joint_drift,clean,0.18626897935678818,35361.299862695145,0.19926873466022307,0.05383282265263337,0.0,0.9944444444444445,0.058610253036022186,
2000-10-25a__turn29,939,15000,scoreLead_drift,visit_entropy_reduction,degenerate,8.565064371162762e-13,32.00000000000006,0.05116255895040478,0.17203006024812462,inf,0.0,1.2312157237203798,
2000-10-25a__turn29,939,15000,scoreLead_drift,winrate_drift,clean,0.007164137224166458,20.37657300696229,0.08577764355978666,0.41307501708360234,0.0,0.9989339019189766,0.008748888969421387,
2000-10-25a__turn29,939,15000,scoreLead_drift,scoreLead_drift,clean,0.4814219290375809,26.645480982979365,0.053440474789624874,0.2798947576010005,0.0,0.9989339019189766,0.5356096625328064,
2000-10-25a__turn29,939,15000,scoreLead_drift,L2_joint_drift,clean,0.016939914861457326,27.122731668257792,0.059267242415426136,0.3415956573019895,0.0,0.9989339019189766,0.019288524985313416,
2000-10-27b__turn84,972,15000,visit_entropy_reduction,visit_entropy_reduction,clean,0.5954644337480312,4999.866154237172,0.020093447027450775,0.021706269849509886,0.00028596179683612957,0.9979402677651905,0.6252370008458781,
2000-10-27b__turn84,972,15000,visit_entropy_reduction,winrate_drift,degenerate,8.981304654092934,46643799.00132924,0.12189341283979578,0.7222370857642046,0.0,0.9989701338825953,0.01024707406759262,
2000-10-27b__turn84,972,15000,visit_entropy_reduction,scoreLead_drift,clean,0.7996281660152185,41.3976966151808,0.05339092710142702,0.16028133346945514,0.0,0.9989701338825953,0.885899543762207,
2000-10-27b__turn84,972,15000,visit_entropy_reduction,L2_joint_drift,clean,0.03126702249704737,61.14803990877869,0.05561354238997834,0.49679151850808084,0.0,0.9989701338825953,0.035460732877254486,
2000-11-09a__turn50,418,15000,L2_joint_drift,visit_entropy_reduction,degenerate,1.2649638985176776e-11,53824.0055709142,0.07327391101512064,0.05399003704131938,1.2820566226817807,0.002398081534772182,0.33375370958849726,
2000-11-09a__turn50,418,15000,L2_joint_drift,winrate_drift,clean,0.01218664931766648,1888.9854004395252,0.133975699686028,0.14213972741580153,0.0,0.9976019184652278,0.013473808765411377,
2000-11-09a__turn50,418,15000,L2_joint_drift,scoreLead_drift,clean,0.34216717559170506,1211.1454055269974,0.11879225815582434,0.20401599984194033,0.0,0.9976019184652278,0.38362574577331543,
2000-11-09a__turn50,418,15000,L2_joint_drift,L2_joint_drift,clean,0.017329520435401063,1971.5086257684625,0.11485510196866495,0.1509028595389645,0.0,0.9976019184652278,0.018709782510995865,
2000-11-09b__turn86,519,15000,visit_entropy_reduction,visit_entropy_reduction,clean,0.604601855629476,384.08825374902466,0.07138710596448973,-0.5154468247992918,0.19513573834261855,0.1583011583011583,0.7738678814764185,
2000-11-09b__turn86,519,15000,visit_entropy_reduction,winrate_drift,clean,0.09963556265022687,17274.181231156792,0.08042891779679272,-0.13567458612622496,0.0,0.9980694980694981,0.04632851481437683,
2000-11-09b__turn86,519,15000,visit_entropy_reduction,scoreLead_drift,clean,4.439218187175667,30557.946274676007,0.09484575810790252,-0.04960275986695249,0.0,0.9980694980694981,1.4428722858428955,
2000-11-09b__turn86,519,15000,visit_entropy_reduction,L2_joint_drift,clean,0.17642430733209677,23332.957216327475,0.08788023212625262,-0.09011715404421754,0.0,0.9980694980694981,0.06854266673326492,
2000-11-14d__turn97,840,15000,winrate_drift,visit_entropy_reduction,degenerate,1.985684477431564e-19,224.00491794103561,0.12794650497297483,-0.34641389204088713,21.285421170572373,0.0023837902264600714,1.1190326134790076,
2000-11-14d__turn97,840,15000,winrate_drift,winrate_drift,clean,0.06993498270570982,2499.16936459491,0.0879344892382009,-0.1396787536028085,0.0,0.99880810488677,0.061011552810668945,
2000-11-14d__turn97,840,15000,winrate_drift,scoreLead_drift,clean,2.1511084835968326,1689.7976287200436,0.09765674173075152,-0.028597997025328184,0.0,0.99880810488677,2.0116348266601562,
2000-11-14d__turn97,840,15000,winrate_drift,L2_joint_drift,clean,0.10415002008809118,2017.8465550808655,0.09362571480247982,-0.08075581504929441,0.0,0.99880810488677,0.0945986658334732,
2000-11-26c__turn132,1038,15000,scoreLead_drift,visit_entropy_reduction,degenerate,0.23479526022088268,0.0010000000000115732,0.3615775907962497,-0.9375193053796715,1.0793064503913046,0.16586306653809066,0.6802149507053564,
2000-11-26c__turn132,1038,15000,scoreLead_drift,winrate_drift,clean,0.0865864699737826,31.641390874801402,0.10829770856239282,0.6820507899841475,0.0,0.9990356798457087,0.10295936465263367,
2000-11-26c__turn132,1038,15000,scoreLead_drift,scoreLead_drift,clean,3.821878496258602,36.422703295830985,0.10050286359415311,0.6558480378083794,0.0,0.9990356798457087,4.452957630157471,
2000-11-26c__turn132,1038,15000,scoreLead_drift,L2_joint_drift,clean,0.15759542185096712,35.82951483105239,0.10270790381946444,0.6641821203519174,0.0,0.9990356798457087,0.18477706611156464,
2000-11-27b__turn62,936,15000,visit_entropy_reduction,visit_entropy_reduction,clean,0.6552759935377226,217.02696715541018,0.03780406286344235,0.4019890938372609,0.0,0.9989304812834224,0.6699040720289422,
2000-11-27b__turn62,936,15000,visit_entropy_reduction,winrate_drift,clean,0.010975947579594672,284.90677245198685,0.13426030485952978,0.46767469039538484,0.0,0.9989304812834224,0.026511818170547485,
2000-11-27b__turn62,936,15000,visit_entropy_reduction,scoreLead_drift,degenerate,1.4988388185617615e-14,251097.0001380822,0.22615366730182893,0.8208155396985263,0.0,0.9989304812834224,0.9617738723754883,
2000-11-27b__turn62,936,15000,visit_entropy_reduction,L2_joint_drift,degenerate,62.066785738293284,71155217.00746658,0.1290282380964571,0.5074694859906457,0.0,0.9989304812834224,0.04042905196547508,
2000-11-28a__turn70,610,15000,L2_joint_drift,visit_entropy_reduction,clean,1.2718639372571083,10302.130023910755,0.11759200005609846,-0.21868675985003355,0.0032164379171601433,0.9720853858784894,0.745348971104997,
2000-11-28a__turn70,610,15000,L2_joint_drift,winrate_drift,clean,0.06264582050499833,1255.5605347556796,0.06694177803923913,-0.1907895703730689,0.0,0.9983579638752053,0.08505144715309143,
2000-11-28a__turn70,610,15000,L2_joint_drift,scoreLead_drift,clean,2.988655359033751,1326.8895198197285,0.06525732408846206,-0.10901077119918325,0.0,0.9983579638752053,4.2747039794921875,
2000-11-28a__turn70,610,15000,L2_joint_drift,L2_joint_drift,clean,0.10441526551654415,1302.5767933326413,0.06218136249631173,-0.13909897488553655,0.0,0.9983579638752053,0.14732934534549713,
2000-11-30c__turn72,733,15000,winrate_drift,visit_entropy_reduction,degenerate,1.0487511142909977e-12,24.000000000000085,0.06378900418338608,-0.525875384417301,inf,0.0,1.0772326973095094,
2000-11-30c__turn72,733,15000,winrate_drift,winrate_drift,clean,0.02063532369504353,33.29012592072513,0.049754629888377006,0.2792481274599281,0.0,0.9986338797814208,0.02143671363592148,
2000-11-30c__turn72,733,15000,winrate_drift,scoreLead_drift,clean,0.9097624511265967,21.308683275034632,0.12653588938723487,0.5091463310669853,0.0,0.9986338797814208,1.2125396728515625,
2000-11-30c__turn72,733,15000,winrate_drift,L2_joint_drift,clean,0.03824850947684536,23.794868589143075,0.11666573497723239,0.5276628030130346,0.0,0.9986338797814208,0.04752345755696297,
2000-12-01__turn56,922,15000,winrate_drift,visit_entropy_reduction,degenerate,7.478002085257641e-17,496.0230740611894,0.12693191340649815,-0.5948276085327683,10.66673258275451,0.002171552660152009,1.0801508349568645,
2000-12-01__turn56,922,15000,winrate_drift,winrate_drift,clean,0.026012239239732532,319.7768344542295,0.04191737142018195,-0.17395335549205476,0.0,0.998914223669924,0.03610566258430481,
2000-12-01__turn56,922,15000,winrate_drift,scoreLead_drift,clean,0.6125642696600672,268.2826197762026,0.046577093102287,-0.15290318337552955,0.0,0.998914223669924,0.8492838740348816,
2000-12-01__turn56,922,15000,winrate_drift,L2_joint_drift,clean,0.03455564504452026,298.9516822271268,0.04373735167166559,-0.1576406892339464,0.0,0.998914223669924,0.0464288629591465,
2000-12-07b__turn27,662,15000,visit_entropy_reduction,visit_entropy_reduction,degenerate,0.06264626474093044,19665.665282783884,0.1353358169077292,-0.1012989616280567,0.3877618612985393,0.0030257186081694403,0.09051037271450747,
2000-12-07b__turn27,662,15000,visit_entropy_reduction,winrate_drift,degenerate,4.394608263427855,37441536.00061245,0.2696180501804726,0.7240621223175098,0.0,0.9984871406959153,0.007128685712814331,
2000-12-07b__turn27,662,15000,visit_entropy_reduction,scoreLead_drift,degenerate,1305.0161778619035,298516480.17456865,0.2663093818372646,0.7306942624512742,0.0,0.9984871406959153,0.2727782726287842,
2000-12-07b__turn27,662,15000,visit_entropy_reduction,L2_joint_drift,degenerate,11.147793889813506,59368368.350758955,0.2669335791314014,0.7305131132284242,0.0,0.9984871406959153,0.0116482675075531,
2000-12-12a__turn165,963,15000,L2_joint_drift,visit_entropy_reduction,degenerate,1.2076133067365365e-12,30.000000000000078,0.06668754132685142,0.14222027489004782,inf,0.0,0.9576686686790912,
2000-12-12a__turn165,963,15000,L2_joint_drift,winrate_drift,clean,0.024248162122694213,101.81340176177781,0.08226396809055757,0.5389106032358004,0.0,0.998960498960499,0.02583334594964981,
2000-12-12a__turn165,963,15000,L2_joint_drift,scoreLead_drift,clean,0.46922335303125534,166.27749048016622,0.08856371096996382,0.268254335583879,0.0,0.998960498960499,0.4893956184387207,
2000-12-12a__turn165,963,15000,L2_joint_drift,L2_joint_drift,clean,0.04017749507105839,147.1278693458634,0.08223101291338403,0.3899456628745952,0.0,0.998960498960499,0.042343493551015854,
2000-12-14c__turn83,272,15000,visit_entropy_reduction,visit_entropy_reduction,clean,0.5979470917714478,25464.716051863925,0.04836758634537726,0.1495921253450233,0.0019856361942801374,0.992619926199262,0.257483247851929,
2000-12-14c__turn83,272,15000,visit_entropy_reduction,winrate_drift,clean,0.022104274317278086,1248.1698390192462,0.07491425679271616,0.0755374390106694,0.0,0.996309963099631,0.02606189250946045,
2000-12-14c__turn83,272,15000,visit_entropy_reduction,scoreLead_drift,clean,0.8524879039429976,1125.7214826528898,0.07205790432360817,0.07996076566932683,0.0,0.996309963099631,1.0089693069458008,
2000-12-14c__turn83,272,15000,visit_entropy_reduction,L2_joint_drift,clean,0.03574312034254223,1180.3796992601267,0.07103750936867743,0.07825203546027125,0.0,0.996309963099631,0.04227331280708313,
2000-12-16a__turn39,824,15000,visit_entropy_reduction,visit_entropy_reduction,degenerate,3.439002632453736e-12,34.0000000000002,0.1675496655512452,-0.7602258602764812,inf,0.0,0.3333369135749076,
2000-12-16a__turn39,824,15000,visit_entropy_reduction,winrate_drift,degenerate,1.6362227906663062e-11,68.00000208228772,0.2637260252346606,0.7620565839120153,0.0,0.9987849331713244,0.011165082454681396,
2000-12-16a__turn39,824,15000,visit_entropy_reduction,scoreLead_drift,degenerate,4342.155570076997,186046273.77799514,0.22910734329951465,-0.2755448086381457,0.0,0.9987849331713244,0.3640167713165283,
2000-12-16a__turn39,824,15000,visit_entropy_reduction,L2_joint_drift,degenerate,52.62990712559164,74898504.34907688,0.21159524120868015,0.15220818751002388,0.0,0.9987849331713244,0.01594417355954647,
2000-12-27b__turn81,857,15000,winrate_drift,visit_entropy_reduction,degenerate,1.3801269878840545e-17,136.00087433113322,0.13095425690286364,-0.14920407510315584,118.67263902126722,0.004672897196261682,0.719384641962169,
2000-12-27b__turn81,857,15000,winrate_drift,winrate_drift,degenerate,15.238039413527448,56024160.484231986,0.09947038008944127,0.2871961836594666,0.0,0.9988317757009346,0.030726969242095947,
2000-12-27b__turn81,857,15000,winrate_drift,scoreLead_drift,degenerate,2.408444983814263e-11,295407.00007227267,0.12971138647353125,0.6459520447805192,0.0,0.9988317757009346,1.0438050031661987,
2000-12-27b__turn81,857,15000,winrate_drift,L2_joint_drift,degenerate,14.348118369387723,76447744.0028368,0.11234240957140645,0.5195968916962034,0.0,0.9988317757009346,0.044484317768365145,
